{
  "XGBoost": {
    "accuracy": 0.6331793475902726,
    "precision": 0.11298202039856903,
    "recall": 0.17519503918646126,
    "f1_score": 0.1373731102648886
  }
}