{
  "LSTM_CNN": [
    {
      "accuracy": 0.6343277321862987,
      "precision": 0.32933384846782104,
      "recall": 0.6658206025704883,
      "f1_score": 0.440689907390589
    }
  ]
}